{"test_loss": 1.230934977531433, "test_accuracy": 0.5855990648269653, "training_history": {"loss": [2.140260696411133, 1.983633041381836, 1.8680163621902466, 1.7675058841705322, 1.6821192502975464, 1.6006877422332764, 1.5449951887130737, 1.5057753324508667, 1.4671308994293213, 1.4337882995605469, 1.3921953439712524, 1.3731235265731812, 1.3448618650436401, 1.3243180513381958, 1.3090068101882935], "accuracy": [0.22653557360172272, 0.3014392852783203, 0.3437056541442871, 0.3869855999946594, 0.42377862334251404, 0.45023313164711, 0.46726131439208984, 0.4864180088043213, 0.4982769191265106, 0.5082100033760071, 0.5249341130256653, 0.5290898084640503, 0.5397323966026306, 0.5420636534690857, 0.5507804751396179], "val_loss": [2.001878023147583, 1.78854238986969, 1.7597708702087402, 1.7756117582321167, 1.6466845273971558, 1.3951674699783325, 1.429424524307251, 1.371767520904541, 1.3407200574874878, 1.3219114542007446, 1.3156875371932983, 1.3069655895233154, 1.3387287855148315, 1.3446167707443237, 1.2822675704956055], "val_accuracy": [0.2982507348060608, 0.3930029273033142, 0.3921282887458801, 0.39854228496551514, 0.4603498578071594, 0.5265306234359741, 0.5137026309967041, 0.5387755036354065, 0.552769660949707, 0.5720116496086121, 0.5638483762741089, 0.5801749229431152, 0.5483965277671814, 0.5565597414970398, 0.581632673740387]}}